<?xml version="1.0" encoding="UTF-8"?>
<beans xmlns="http://www.springframework.org/schema/beans"
     xmlns:xsi="http://www.w3.org/2001/XMLSchema-instance"
     xmlns:context="http://www.springframework.org/schema/context"
     xmlns:aop="http://www.springframework.org/schema/aop"
     xmlns:tx="http://www.springframework.org/schema/tx"
     xmlns:task="http://www.springframework.org/schema/task"
     xsi:schemaLocation="http://www.springframework.org/schema/beans
         http://www.springframework.org/schema/beans/spring-beans-3.1.xsd
         http://www.springframework.org/schema/context
         http://www.springframework.org/schema/context/spring-context-3.1.xsd
         http://www.springframework.org/schema/aop
         http://www.springframework.org/schema/aop/spring-aop-3.1.xsd
         http://www.springframework.org/schema/tx
         http://www.springframework.org/schema/tx/spring-tx-3.1.xsd
         http://www.springframework.org/schema/task
		 http://www.springframework.org/schema/task/spring-task-3.1.xsd">

	<!-- 引入外部的属性文件 -->
	<context:property-placeholder location="classpath:jdbc.properties"/>
	
	<!-- 配置c3p0连接池 -->
	<bean id="dataSource" class="com.mchange.v2.c3p0.ComboPooledDataSource">
		<property name="driverClass" value="${jdbc.driverClass}" />
		<property name="jdbcUrl" value="${jdbc.url}" />
		<property name="user" value="${jdbc.username}" />
		<property name="password" value="${jdbc.password}" />
	</bean>
	
	<!-- 配置业务层类 -->
	<bean id="accountService" class="com.zs.spring.demo1.AccountServiceImpl">
		<property name="accountDao" ref="accountDao" />
		<!-- 注入事务管理的模板 -->
		<property name="transactionTemplate" ref="transactionTemplate" />
	</bean>
	
	<!-- 配置DAO类(简化，会自动配置JdbcTemplate) -->
	<bean id="accountDao" class="com.zs.spring.demo1.AccountDaoImpl">
		<property name="dataSource" ref="dataSource" />
	</bean>
	
	<!-- 配置DAO类(未简化) -->
	<!-- <bean id="jdbcTemplate" class="org.springframework.jdbc.core.JdbcTemplate">
		<property name="dataSource" ref="dataSource" />
	</bean>
	<bean id="accountDao" class="com.zs.spring.demo1.AccountDaoImpl">
		<property name="jdbcTemplate" ref="jdbcTemplate" />
	</bean> -->
	
	<!-- ==================================1.编程式的事务管理=============================================== -->
	<!-- 配置事务管理器 -->
	<bean id="transactionManager" class="org.springframework.jdbc.datasource.DataSourceTransactionManager">
		<property name="dataSource" ref="dataSource" />
	</bean>
	
	<!-- 配置事务管理的模板:Spring为了简化事务管理的代码而提供的类 -->
	<bean id="transactionTemplate" class="org.springframework.transaction.support.TransactionTemplate">
		<property name="transactionManager" ref="transactionManager"/>
	</bean>
	
</beans>
