<?xml version="1.0" encoding="UTF-8"?>
<beans xmlns="http://www.springframework.org/schema/beans"
       xmlns:xsi="http://www.w3.org/2001/XMLSchema-instance" xmlns:p="http://www.springframework.org/schema/p"
       xmlns:context="http://www.springframework.org/schema/context"
       xmlns:mvc="http://www.springframework.org/schema/mvc" xmlns:aop="http://www.springframework.org/schema/aop"
       xsi:schemaLocation="http://www.springframework.org/schema/beans http://www.springframework.org/schema/beans/spring-beans.xsd
	http://www.springframework.org/schema/context http://www.springframework.org/schema/context/spring-context.xsd
	http://www.springframework.org/schema/mvc
	http://www.springframework.org/schema/mvc/spring-mvc.xsd">

    <context:component-scan base-package="com" annotation-config="true"/>
    <mvc:annotation-driven conversion-service="myDateConverter"/>

    <!--<bean id ="myDateFormatter" class="org.springframework.format.support.FormattingConversionServiceFactoryBean">-->
    <!--<property name="formatters">-->
    <!--<set>-->
    <!--<bean class="com.imooc.common.MyDateFormatter"></bean>-->
    <!--</set>-->
    <!--</property>-->
    <!--</bean>-->


    <bean id ="myDateConverter" class="org.springframework.format.support.FormattingConversionServiceFactoryBean">
        <property name="converters">
            <set>
                <bean class="com.imooc.common.MyDateConverter"></bean>
                <bean class="org.springframework.core.convert.support.StringToBooleanConverter"></bean>
            </set>
        </property>
    </bean>
</beans>
